Year,Country,Avg Temperature (Â°C),CO2 Emissions (Tons/Capita),Sea Level Rise (mm),Rainfall (mm),Population,Renewable Energy (%),Extreme Weather Events,Forest Area (%)
2022,USA,29.3,11.4,4.5,2756.0,1339427830.0,25.5,9,34.5
2006,USA,32.0,17.2,3.8,578.0,1109563889.0,44.3,5,63.3
2011,Mexico,6.1,,,,,6.3,11,38.4
2016,Japan,23.4,19.0,3.3,1821.0,43209016.0,29.3,11,26.5
2012,Brazil,8.2,19.1,1.9,2308.0,294211471.0,48.6,4,50.8
2016,China,32.4,4.8,3.2,759.0,1358197397.0,31.8,9,41.1
2016,India,9.5,19.9,3.8,1951.0,926054419.0,20.2,13,34.4
2014,South Africa,13.5,16.5,4.8,1343.0,758625247.0,5.3,6,14.9
2005,Germany,27.2,6.0,2.9,2297.0,950422541.0,25.2,6,36.2
2007,Japan,15.4,1.3,4.3,921.0,194923647.0,31.5,3,45.1
2006,Argentina,25.1,,,,,36.1,6,58.4
2023,Argentina,29.0,18.3,4.5,2435.0,536217615.0,25.7,8,10.3
2014,India,21.9,,,,,29.0,10,28.6
2002,India,32.0,15.0,4.6,1313.0,1104495874.0,15.7,0,28.3
2006,USA,28.5,1.4,2.5,2158.0,411773643.0,29.4,10,61.6
2010,Russia,11.5,14.0,3.4,1796.0,620506174.0,27.3,1,18.0
2018,Mexico,15.9,7.2,2.8,2817.0,461954875.0,8.7,0,12.1
2011,China,27.1,13.7,3.4,2562.0,1024446336.0,10.5,3,44.6
2001,France,27.0,13.3,4.4,2989.0,1018260723.0,38.5,14,64.6
2022,UK,7.5,19.2,3.3,1045.0,1387457528.0,44.7,13,31.1
2016,South Africa,13.9,1.2,4.3,1403.0,478389387.0,15.7,13,60.4
2013,Mexico,22.1,,,,,24.9,10,47.6
2002,Canada,21.7,,,,,14.8,14,68.5
2021,Indonesia,24.1,7.2,4.7,2718.0,827751807.0,8.9,6,31.7
2022,USA,10.5,16.5,4.9,2444.0,267009905.0,18.5,2,27.9
2012,China,17.2,11.1,2.8,921.0,560862422.0,39.7,8,67.2
2003,USA,27.4,,,,,27.4,10,14.6
2022,Japan,7.1,16.3,3.2,1049.0,521147693.0,20.9,1,69.5
2006,Argentina,22.9,16.6,2.1,2272.0,1069151826.0,18.4,8,16.6
2001,Mexico,10.1,11.2,1.4,2077.0,131368589.0,21.5,0,17.9
2012,India,14.4,11.8,1.9,1390.0,1366390185.0,42.1,13,23.5
2015,Mexico,8.4,14.1,4.1,1194.0,627755536.0,43.7,0,69.5
2013,Argentina,23.0,0.9,3.0,897.0,1152666411.0,40.7,7,48.6
2004,South Africa,21.9,15.2,3.4,647.0,948953337.0,18.8,10,46.2
2008,France,24.6,18.3,2.3,2851.0,460686642.0,20.5,13,58.9
2001,India,9.3,14.8,3.1,997.0,874069049.0,14.0,9,21.8
2014,Mexico,28.0,16.2,2.1,2203.0,590386085.0,41.2,2,53.8
2018,Argentina,27.6,14.5,4.8,2672.0,555420966.0,49.9,5,60.3
2006,Indonesia,22.8,17.3,4.9,1944.0,875175631.0,26.8,2,34.3
2009,UK,18.9,16.9,2.6,1401.0,809451155.0,30.2,7,33.2
2005,UK,10.6,14.2,4.1,1162.0,1125808525.0,21.9,3,11.9
2019,Russia,19.2,16.9,4.1,2890.0,1112504950.0,18.6,9,60.7
2011,Brazil,14.7,9.2,1.2,880.0,661509073.0,25.2,8,28.3
2008,Indonesia,12.3,6.4,1.5,671.0,262587298.0,30.6,11,38.9
2012,Indonesia,9.8,6.3,1.2,794.0,1182540700.0,34.1,8,15.5
2017,Russia,11.2,8.6,3.6,2060.0,1303319060.0,23.3,10,12.0
2011,Brazil,29.0,1.5,3.6,2471.0,959148511.0,7.8,13,62.5
2019,India,16.3,9.6,3.3,822.0,296295792.0,9.8,12,64.9
2001,Australia,19.4,7.3,1.9,1370.0,1268489003.0,29.8,12,22.7
2013,Argentina,34.7,7.4,5.0,698.0,785566655.0,9.4,0,31.6
2016,Mexico,18.4,,,,,40.6,0,44.9
2020,Canada,33.3,19.4,4.1,2011.0,117312606.0,36.2,12,15.7
2020,Indonesia,21.6,18.8,4.8,2812.0,445421988.0,11.8,4,34.4
2007,Indonesia,30.4,8.5,2.7,2937.0,1144952571.0,16.2,1,60.0
2008,Canada,5.6,16.7,3.9,2655.0,428691595.0,17.8,14,39.8
2008,Australia,20.3,4.8,2.8,2484.0,1362033433.0,15.5,14,16.8
2004,Germany,8.7,3.1,3.6,1393.0,1200864257.0,48.5,14,43.4
2015,Russia,8.5,12.9,2.5,1287.0,48647611.0,44.0,4,65.4
2023,USA,23.6,11.2,1.6,731.0,1196150514.0,22.2,4,34.7
2022,Russia,16.2,16.4,2.1,671.0,501887577.0,21.6,12,20.2
2000,Indonesia,16.6,14.9,3.7,1990.0,381441078.0,37.6,7,41.7
2007,Germany,26.9,5.6,2.4,1743.0,124079175.0,12.5,4,17.4
2019,Australia,23.0,7.7,4.3,2569.0,161618848.0,18.0,9,21.2
2023,Argentina,8.9,18.1,3.0,2180.0,361616455.0,47.2,14,30.5
2001,Brazil,26.7,5.1,4.6,1270.0,694412542.0,12.7,14,26.8
2001,Russia,19.4,3.0,3.0,839.0,1035525610.0,49.1,7,66.5
2005,Mexico,7.2,5.2,1.1,1692.0,1128035409.0,33.3,8,30.0
2015,USA,10.6,14.9,1.1,2003.0,52552633.0,23.5,10,35.4
2006,China,9.5,8.3,1.1,2865.0,945299929.0,16.9,3,47.6
2003,China,7.4,5.7,3.5,2350.0,1134255035.0,44.0,14,42.5
2018,Brazil,30.8,0.6,2.4,2267.0,1247636178.0,40.4,7,53.6
2023,Canada,10.7,10.9,3.5,725.0,1243293089.0,37.4,12,27.6
2008,Indonesia,19.2,8.4,1.7,1473.0,490479768.0,46.2,6,51.6
2020,Indonesia,26.2,14.3,2.0,890.0,378091478.0,5.3,3,35.7
2015,Russia,32.9,16.0,1.7,1866.0,170058004.0,36.6,8,11.2
2018,Mexico,27.8,11.3,2.5,1672.0,199412389.0,33.6,11,55.5
2017,Japan,5.9,5.4,2.5,2833.0,606960201.0,35.7,12,54.6
2016,Brazil,33.1,10.3,2.3,1933.0,245823381.0,30.3,8,67.7
2011,Australia,5.5,11.7,4.0,880.0,966063065.0,41.7,5,40.9
2012,South Africa,18.2,,,,,30.0,3,53.9
2021,Indonesia,9.6,15.7,1.8,2355.0,744131853.0,49.2,6,37.2
2015,UK,7.3,15.1,2.9,1034.0,628479992.0,40.7,7,11.2
2010,Mexico,31.0,16.6,2.9,1532.0,1388289771.0,48.9,8,40.8
2012,India,17.7,8.3,4.9,563.0,294913021.0,29.3,7,60.1
2008,Japan,14.5,14.8,1.2,2319.0,35139374.0,22.7,13,46.5
2004,South Africa,22.3,4.4,4.2,679.0,289985187.0,23.4,4,57.8
2002,Russia,32.6,3.4,1.2,1891.0,367347075.0,36.5,2,54.1
2021,Indonesia,26.0,9.5,4.9,1141.0,916703921.0,9.4,10,44.0
2003,Canada,11.6,15.2,1.9,2798.0,625984226.0,31.8,0,58.3
2008,Brazil,7.1,0.7,4.4,2489.0,413504125.0,19.8,0,45.2
2019,UK,23.0,16.4,3.6,919.0,20916998.0,39.1,0,32.3
2016,Mexico,18.4,,,,,40.6,0,44.9
2001,China,27.4,19.0,3.9,2416.0,171927360.0,42.9,12,19.2
2003,Brazil,7.1,9.4,1.9,1252.0,18750431.0,43.6,9,36.7
2018,South Africa,33.9,,,,,17.7,1,56.6
2014,UK,29.6,15.9,2.2,1799.0,1362964625.0,47.5,0,39.7
2008,Brazil,7.1,0.7,4.4,2489.0,413504125.0,19.8,0,45.2
2000,Indonesia,26.7,19.8,1.8,1807.0,540634691.0,27.9,11,34.5
2016,Canada,32.2,2.7,2.8,1179.0,343865425.0,28.1,3,44.8
2009,Canada,24.1,15.3,3.2,557.0,915322799.0,49.4,8,43.6
2005,Canada,13.2,5.9,3.6,2872.0,1257944094.0,44.7,4,46.2
2011,Russia,23.2,1.8,4.7,2157.0,1034642225.0,11.5,5,31.8
2014,Argentina,19.8,19.6,1.2,2244.0,1209870465.0,9.6,6,24.5
2011,Australia,17.5,15.1,2.2,1613.0,1058333501.0,19.9,5,60.1
2022,India,14.6,18.3,4.1,1857.0,938604707.0,45.6,7,51.1
2004,Japan,17.5,9.3,4.0,2621.0,1350315792.0,41.4,10,39.5
2018,Germany,30.1,,,,,12.2,9,58.8
2003,Mexico,5.1,18.0,2.8,1110.0,237659268.0,46.2,12,63.3
2014,South Africa,20.4,3.2,4.4,2065.0,942604659.0,15.8,5,45.0
2022,USA,14.7,7.8,2.7,2214.0,660650168.0,38.9,11,44.4
2002,Russia,24.6,1.1,2.7,2800.0,216501490.0,27.2,14,12.8
2015,India,14.5,1.6,4.8,1493.0,813268912.0,26.9,13,57.2
2001,Mexico,18.6,8.0,1.5,1677.0,791167156.0,43.6,9,68.9
2010,Australia,18.3,1.9,3.5,2599.0,849496137.0,7.5,5,48.7
2003,South Africa,10.1,12.8,1.4,863.0,330834956.0,26.7,9,14.7
2015,Germany,22.6,12.3,3.8,2354.0,55182052.0,48.4,13,13.0
2020,China,10.2,17.1,1.1,2227.0,738275078.0,27.3,9,67.1
2017,Canada,14.7,12.1,3.5,2098.0,1143896678.0,43.6,5,57.5
2018,France,18.8,3.9,2.9,1617.0,955697187.0,23.5,10,27.7
2004,China,9.9,,,,,47.4,0,51.3
2004,Mexico,34.2,9.7,2.6,1096.0,1177772833.0,11.0,7,40.0
2009,Argentina,8.8,1.4,3.7,963.0,1344612647.0,28.3,5,33.0
2004,France,10.0,5.8,3.5,1488.0,1182846641.0,7.4,3,58.3
2020,China,11.8,16.8,4.0,2881.0,573451526.0,45.0,8,43.8
2022,Argentina,7.2,18.9,4.6,877.0,545401489.0,17.8,0,22.5
2005,India,34.9,7.8,3.3,1959.0,442386268.0,23.7,8,58.2
2009,India,23.1,,,,,20.8,6,58.8
2020,Brazil,31.2,14.7,4.1,1020.0,937363773.0,37.4,1,27.2
2000,Indonesia,20.0,,,,,23.0,0,33.5
2018,Indonesia,29.1,,,,,43.3,10,52.7
2015,USA,29.9,16.7,2.4,805.0,708549477.0,44.0,6,34.7
2003,Russia,19.5,,,,,15.5,10,38.1
2021,Brazil,27.5,14.6,3.2,2320.0,552258722.0,14.8,9,59.3
2002,Indonesia,20.1,12.2,1.7,1624.0,639588420.0,35.8,1,28.5
2008,Mexico,25.1,4.6,2.4,2894.0,237078466.0,7.8,5,53.1
2000,USA,28.0,17.8,3.4,518.0,161376204.0,38.0,8,30.2
2018,China,34.4,15.8,3.6,2734.0,305046905.0,37.8,13,50.3
2013,Argentina,23.9,10.9,1.4,1567.0,537312924.0,8.5,10,21.8
2002,Mexico,11.7,,,,,48.3,3,62.5
2003,UK,10.9,6.9,2.9,1142.0,450513176.0,20.8,11,25.0
2010,UK,19.3,,,,,22.8,7,49.8
2008,Russia,30.0,16.3,2.2,1723.0,1362092917.0,16.1,11,10.9
2015,Brazil,28.9,20.0,3.5,2017.0,1213528698.0,12.2,7,47.8
2020,Russia,12.7,3.9,1.0,1234.0,278429462.0,38.6,12,44.0
2016,Germany,18.3,4.8,4.1,2373.0,1180680940.0,32.0,4,56.1
2003,India,18.9,,,,,43.3,12,11.5
2009,USA,16.5,10.9,3.2,2064.0,1293640510.0,42.1,2,25.0
2018,Australia,34.5,14.6,1.3,829.0,1211016796.0,7.6,6,27.1
2017,China,15.7,9.7,1.8,2019.0,305543477.0,35.1,13,41.0
2016,Japan,6.0,19.5,4.8,1424.0,274995524.0,11.7,13,39.5
2018,China,22.3,6.4,4.0,1950.0,563892519.0,47.1,11,39.4
2020,South Africa,25.1,10.8,4.9,793.0,1142896221.0,17.1,7,56.7
2005,Japan,10.7,15.7,1.1,629.0,1328981569.0,27.6,14,16.3
2018,China,19.4,5.5,3.3,1936.0,275361525.0,12.4,5,56.3
2011,Mexico,17.4,15.6,1.5,2451.0,1333450369.0,27.4,5,29.4
2005,Argentina,9.7,5.3,2.9,2660.0,704269727.0,33.0,8,30.5
2013,Canada,22.6,2.8,4.5,2580.0,531451276.0,17.7,7,51.9
2022,Mexico,34.0,6.8,3.0,2991.0,1229940655.0,26.8,6,17.6
2003,South Africa,29.2,2.0,1.5,2141.0,1159052094.0,17.9,13,69.2
2016,China,10.1,2.8,3.5,2595.0,733130914.0,39.8,12,17.7
2000,Canada,14.4,1.2,3.1,527.0,496479467.0,16.5,14,52.7
2021,USA,28.9,13.3,1.8,617.0,1019475941.0,24.4,6,16.3
2019,Japan,21.3,11.9,3.5,865.0,912478829.0,28.6,14,69.2
2020,China,19.1,19.8,4.0,2152.0,1074542897.0,12.8,0,24.1
2006,China,13.5,12.7,3.8,2626.0,1011298802.0,23.5,10,69.4
2021,USA,24.0,18.8,3.4,2157.0,1169884055.0,23.0,7,10.8
2014,Brazil,34.9,,,,,16.6,0,18.0
2023,France,15.9,4.5,3.2,643.0,373729923.0,30.7,4,25.2
2019,Australia,17.3,,,,,41.1,14,36.7
2014,Argentina,19.8,19.6,1.2,2244.0,1209870465.0,9.6,6,24.5
2011,Brazil,22.7,0.7,4.6,2507.0,1297261375.0,43.3,14,43.7
2012,Germany,23.4,10.9,2.5,790.0,1108141910.0,46.2,2,21.0
2021,Japan,31.3,2.0,3.5,883.0,606697131.0,22.5,1,21.1
2023,USA,6.2,18.6,4.4,1806.0,487618104.0,21.9,8,12.1
2016,Australia,24.3,15.0,4.4,676.0,321328118.0,21.8,4,19.8
2013,France,23.2,19.0,4.7,1287.0,458035062.0,31.6,13,24.4
2007,Russia,14.9,6.3,3.2,2807.0,1364174738.0,46.7,2,55.6
2013,Brazil,20.7,14.8,3.1,1691.0,792568468.0,29.5,13,51.1
2001,South Africa,34.3,9.7,2.9,1241.0,1356204695.0,27.0,13,51.3
2008,Brazil,27.4,,,,,16.1,3,48.6
2010,Canada,5.5,13.7,4.8,2145.0,72556185.0,44.3,9,52.4
2014,Germany,21.7,,,,,48.6,10,50.4
2010,China,30.9,12.1,2.0,2915.0,3660891.0,17.0,5,62.1
2012,France,6.3,10.1,1.1,1347.0,1318582449.0,24.6,14,55.8
2011,Mexico,23.3,2.3,1.4,2976.0,877150174.0,25.7,0,58.3
2001,Indonesia,15.0,18.2,1.1,1925.0,389949929.0,23.1,14,69.4
2003,USA,15.2,14.2,2.2,2821.0,788823352.0,15.8,4,11.2
2012,USA,19.4,15.7,1.7,1187.0,918159557.0,23.4,10,44.5
2001,Mexico,15.2,6.2,3.0,1878.0,162233683.0,19.3,14,13.3
2001,USA,24.5,19.4,3.6,2041.0,214534006.0,47.7,10,60.9
2011,Mexico,11.1,16.8,2.7,1099.0,250843348.0,8.2,5,33.4
2021,Canada,25.1,17.0,2.0,1949.0,1268064913.0,10.7,14,12.2
2021,UK,6.1,16.4,1.9,2960.0,540662250.0,7.2,12,69.1
2005,India,24.7,10.6,1.4,691.0,776502158.0,12.2,13,67.4
2011,UK,19.6,0.5,3.3,1256.0,167459760.0,27.7,9,59.6
2005,India,17.4,2.0,4.2,1462.0,13350251.0,41.2,8,42.6
2002,Indonesia,5.5,11.9,4.6,1605.0,10978954.0,18.3,5,31.0
2008,Russia,16.7,7.8,2.0,1030.0,725773318.0,16.1,3,38.1
2009,Indonesia,24.6,9.3,1.6,1079.0,91233652.0,47.1,14,57.5
2010,Indonesia,14.4,4.9,3.3,2466.0,1345958932.0,10.4,13,10.8
2020,Argentina,11.1,15.4,2.3,826.0,210449747.0,5.4,4,23.8
2003,Indonesia,10.2,17.4,1.7,1989.0,1129377860.0,40.2,5,65.8
2007,UK,10.4,16.5,1.5,1073.0,1221935909.0,43.5,10,16.1
2015,Germany,25.2,1.5,2.3,572.0,217257105.0,42.6,8,66.0
2013,China,14.4,1.5,4.2,1359.0,709386257.0,18.6,13,12.9
2002,Russia,26.4,6.9,2.1,2393.0,29715260.0,36.9,1,53.0
2015,Brazil,28.9,20.0,3.5,2017.0,1213528698.0,12.2,7,47.8
2006,USA,14.8,9.6,3.7,2914.0,772375173.0,38.1,11,60.5
2019,China,31.7,12.9,2.4,1891.0,136202316.0,6.8,1,50.2
2007,India,22.8,,,,,41.0,13,18.9
2016,Argentina,21.2,8.1,1.9,1819.0,395181795.0,22.3,2,45.3
2001,Indonesia,31.5,7.0,4.5,1219.0,440187461.0,18.9,11,52.5
2016,Brazil,28.1,16.9,4.9,934.0,1393981934.0,26.9,12,43.3
2002,UK,24.0,14.5,3.6,796.0,305315340.0,11.4,10,57.7
2014,Canada,30.4,10.9,4.1,692.0,778188462.0,37.2,10,54.7
2016,South Africa,32.9,18.0,2.6,2771.0,976037143.0,12.4,9,55.5
2016,South Africa,27.0,2.9,2.1,564.0,1045450055.0,48.5,7,42.0
2010,Indonesia,19.6,,,,,15.4,11,50.1
2010,Indonesia,15.7,9.4,4.2,1424.0,1089256242.0,9.0,3,41.4
2016,India,31.4,17.6,4.1,764.0,702602016.0,17.1,5,31.1
2002,Australia,20.6,1.1,2.6,2383.0,31674998.0,20.9,6,65.3
2013,Mexico,17.7,,,,,37.5,14,62.9
2005,France,29.7,18.6,2.5,1501.0,1030270792.0,21.5,11,63.4
2010,China,11.6,9.7,2.1,2444.0,946279632.0,31.0,14,60.2
2020,Australia,34.2,5.9,4.8,1852.0,1332348555.0,9.8,8,10.9
2004,USA,29.3,17.3,3.2,1870.0,1377931241.0,13.4,13,44.2
2007,France,25.4,,,,,8.3,11,62.5
2004,China,10.8,13.0,2.4,2852.0,34357473.0,40.2,6,22.4
2015,France,14.4,10.2,4.2,2527.0,618908216.0,5.7,13,58.3
2012,South Africa,18.5,1.4,3.9,643.0,575218436.0,5.8,14,43.0
2004,China,33.9,7.4,3.0,1951.0,247496090.0,40.5,11,26.5
2018,India,27.3,10.6,2.8,2358.0,322950922.0,33.0,12,26.3
2007,South Africa,17.1,,,,,21.2,7,62.9
2016,USA,34.6,5.0,4.6,2670.0,1041486581.0,34.2,13,12.2
2006,France,14.7,,,,,42.9,2,26.2
2006,Brazil,32.2,19.4,3.8,2626.0,1155260147.0,25.5,1,58.8
2002,France,30.4,11.9,4.7,2878.0,193419191.0,32.8,1,44.3
2023,South Africa,14.6,14.7,1.5,875.0,1311714067.0,31.1,14,19.7
2020,USA,14.5,18.7,4.9,2673.0,515313114.0,21.5,12,51.5
2008,Brazil,16.6,8.1,4.1,1110.0,698150132.0,47.1,4,58.7
2018,UK,29.8,15.8,1.3,633.0,32581057.0,27.8,12,50.6
2000,Canada,16.5,17.6,2.2,2279.0,329517333.0,13.6,3,46.2
2010,Russia,28.2,8.3,4.9,1764.0,147628865.0,6.0,3,13.3
2011,Indonesia,8.8,3.5,1.6,2881.0,1041970958.0,43.5,4,24.0
2011,South Africa,10.3,,,,,26.0,5,34.1
2002,Australia,32.9,18.2,3.3,1673.0,790364317.0,19.6,6,34.6
2021,Mexico,31.5,8.4,3.3,914.0,1082464871.0,42.2,14,35.9
2010,Japan,24.5,12.2,1.7,610.0,156286200.0,23.2,12,58.6
2006,UK,30.7,7.4,4.4,1859.0,161097813.0,46.8,7,49.6
2021,France,11.8,5.0,4.1,1133.0,769315232.0,37.8,11,16.3
2001,South Africa,5.0,4.0,2.4,716.0,779600765.0,44.1,9,34.3
2004,Australia,22.8,14.1,2.2,1418.0,217927603.0,21.3,12,41.4
2014,Mexico,33.6,15.8,3.9,1184.0,22094509.0,31.4,4,54.3
2004,China,29.8,14.6,2.1,2105.0,206788510.0,42.2,9,45.2
2014,Russia,9.4,9.7,4.5,1446.0,513004938.0,24.0,5,51.4
2023,India,22.8,17.7,1.4,1679.0,707948505.0,40.0,9,55.2
2017,Japan,9.0,15.3,1.9,2712.0,831550186.0,7.9,3,63.8
2000,UK,16.4,15.9,4.3,932.0,925086342.0,42.0,2,57.4
2000,Brazil,31.2,14.6,3.7,803.0,255339962.0,28.3,9,21.7
2003,USA,19.4,12.8,1.2,2134.0,536356608.0,47.5,3,55.4
2015,South Africa,7.9,3.3,3.1,616.0,1113296994.0,45.3,13,13.4
2020,China,32.3,1.4,2.7,2100.0,1202028857.0,49.4,12,47.2
2007,USA,16.2,,,,,9.6,8,20.5
2014,France,33.9,2.8,2.2,1241.0,441101758.0,33.3,9,35.5
2003,Japan,33.2,15.6,4.5,2562.0,252075147.0,16.8,11,11.7
2009,Japan,34.5,12.8,3.8,1319.0,52187343.0,30.0,6,10.6
2001,Indonesia,31.5,7.0,4.5,1219.0,440187461.0,18.9,11,52.5
2003,Japan,25.1,9.8,3.4,1691.0,1077312172.0,22.6,8,69.0
2018,Australia,24.1,12.8,3.3,1801.0,717984590.0,6.1,1,36.0
2005,India,11.8,12.3,1.1,1324.0,1011963413.0,31.4,3,24.4
2005,Canada,16.4,,,,,19.2,10,13.6
2000,Canada,23.5,7.0,2.8,2006.0,584732301.0,46.5,5,39.0
2002,Indonesia,17.2,9.1,3.8,904.0,462496639.0,44.2,8,69.6
2022,Australia,16.0,5.8,4.4,2548.0,916438404.0,11.6,8,65.7
2000,South Africa,15.3,15.4,4.6,1987.0,1106864831.0,35.9,8,25.6
2017,India,12.6,,,,,30.3,12,58.9
2021,South Africa,12.7,4.2,3.7,2021.0,1112155060.0,7.5,10,51.7
2015,India,14.5,1.6,4.8,1493.0,813268912.0,26.9,13,57.2
2002,USA,5.9,3.5,3.9,2493.0,1167300328.0,23.5,9,61.2
2012,Canada,28.5,,,,,7.7,0,12.9
2006,Russia,29.7,8.3,2.8,1229.0,788798529.0,42.2,0,17.8
2008,Canada,27.4,13.5,3.9,2999.0,108305812.0,20.0,8,41.8
2007,Germany,33.5,7.9,4.3,719.0,427187850.0,30.5,7,49.5
2010,Brazil,17.6,16.0,3.1,1920.0,584023989.0,18.7,4,52.3
2007,UK,13.7,3.1,3.7,1678.0,934132667.0,43.1,0,69.9
2019,UK,8.7,,,,,12.8,4,21.7
2021,Germany,23.9,13.1,3.9,1081.0,1298244488.0,49.5,7,51.9
2004,Japan,12.7,,,,,47.3,1,64.3
2021,China,14.4,14.3,4.3,1298.0,222866661.0,29.7,13,60.7
2014,Brazil,24.1,12.8,2.9,2440.0,246829711.0,41.1,4,40.8
2007,Mexico,8.6,4.1,1.9,880.0,1275080026.0,21.5,2,43.6
2015,China,10.1,18.4,3.4,1087.0,1250306574.0,22.0,10,65.6
2000,Germany,5.1,11.2,1.6,2378.0,495220820.0,33.7,6,69.2
2021,Japan,16.1,3.6,4.3,991.0,5467801.0,25.7,7,29.9
2014,France,16.7,7.8,4.1,2666.0,1139899651.0,27.6,14,20.3
2014,South Africa,23.4,10.5,4.2,1569.0,560722005.0,41.1,5,35.4
2023,France,31.9,19.9,4.2,907.0,1004488364.0,38.3,9,28.8
2004,South Africa,21.5,,,,,20.2,0,49.1
2023,Indonesia,28.5,16.5,3.8,2736.0,866280953.0,16.1,12,23.0
2011,Germany,24.1,17.3,2.1,2854.0,398407112.0,41.0,3,19.8
2000,USA,12.1,9.3,1.9,2051.0,1380798693.0,45.0,14,14.2
2018,UK,24.5,18.3,4.1,1246.0,78354231.0,14.5,9,56.7
2023,Canada,23.4,4.5,3.8,971.0,1380296219.0,7.5,5,28.2
2016,UK,22.5,19.6,3.9,2311.0,1290081090.0,38.5,3,56.6
2019,China,10.0,16.4,3.5,2298.0,608237759.0,35.5,0,55.7
2001,Japan,24.7,3.1,3.9,1219.0,838339418.0,5.4,9,45.4
2004,Germany,18.0,17.3,4.0,1441.0,440663289.0,8.8,8,63.6
2019,Argentina,23.8,,,,,25.9,10,46.5
2017,Germany,29.7,19.4,3.7,2479.0,770503180.0,37.5,13,16.3
2011,Indonesia,19.1,17.7,3.2,2507.0,1082449514.0,15.0,1,62.5
2013,Germany,17.9,4.8,4.6,1198.0,226407206.0,19.4,13,17.7
2009,Indonesia,10.5,18.9,1.5,2994.0,1289226003.0,29.3,3,50.7
2014,Indonesia,8.7,4.7,2.2,800.0,553908390.0,36.9,4,12.4
2013,Argentina,29.6,,,,,21.1,9,21.6
2007,South Africa,17.1,,,,,21.2,7,62.9
2022,Germany,27.0,19.6,2.5,1338.0,990503091.0,44.4,3,47.9
2016,USA,16.9,,,,,33.5,4,65.6
2008,France,24.6,18.3,2.3,2851.0,460686642.0,20.5,13,58.9
2007,India,31.2,7.8,1.4,2077.0,403372362.0,23.8,12,18.1
2002,India,12.8,1.4,1.2,1420.0,457184922.0,7.2,6,68.1
2000,Indonesia,10.8,13.1,4.8,2133.0,947854491.0,48.9,9,48.4
2008,USA,19.5,17.7,2.5,1419.0,1140062010.0,20.1,0,35.9
2003,Indonesia,15.2,14.6,2.3,2216.0,411423216.0,45.8,7,38.8
2004,Germany,28.1,18.9,4.7,1015.0,806325524.0,49.4,3,66.2
2004,India,33.3,17.5,2.9,690.0,357936501.0,40.9,13,48.3
2021,India,29.0,18.8,2.2,584.0,1218629667.0,27.9,8,60.5
2004,India,9.5,9.9,2.8,2410.0,668910266.0,42.6,5,33.8
2008,Russia,22.9,10.1,1.9,866.0,268168851.0,29.5,2,60.4
2021,Russia,25.5,,,,,17.9,12,60.2
2007,Germany,11.0,17.6,1.7,2906.0,1179622755.0,42.9,3,50.7
2014,Japan,31.9,14.9,2.3,992.0,1382916110.0,16.5,9,46.9
2002,Canada,15.8,13.8,4.5,1826.0,614382775.0,12.6,12,20.3
2020,Argentina,9.2,11.8,4.7,2281.0,817572573.0,43.3,4,61.3
2002,Australia,23.3,8.0,4.0,642.0,40028538.0,22.0,13,30.3
2021,India,5.3,7.6,2.0,2910.0,62104574.0,23.5,7,56.6
2020,Japan,29.4,9.5,2.5,925.0,733726265.0,37.1,4,13.4
2008,Japan,21.4,10.7,4.7,1589.0,235549454.0,29.8,12,38.4
2013,Canada,6.0,,,,,18.3,0,36.6
2004,USA,8.2,,,,,42.7,3,57.1
2009,USA,5.9,,,,,8.4,2,20.8
2018,Germany,7.6,14.6,2.1,1418.0,1255100522.0,8.5,8,34.9
2016,Brazil,26.6,0.7,2.4,1492.0,83325440.0,12.7,7,38.8
2020,Brazil,14.1,3.3,2.1,1573.0,1391047250.0,31.1,5,26.3
2021,Mexico,29.5,6.0,1.4,1875.0,153653744.0,5.8,13,55.9
2012,Canada,8.8,9.5,2.1,1608.0,1007525728.0,26.0,4,16.7
2020,Brazil,26.7,12.2,1.8,762.0,1106863791.0,46.8,0,69.1
2001,Australia,18.4,11.7,5.0,1962.0,66141905.0,20.2,1,58.4
2008,Brazil,19.7,17.0,3.2,727.0,212780506.0,20.6,5,67.7
2016,Japan,34.4,19.6,4.1,540.0,902591144.0,23.5,10,11.2
2015,South Africa,33.0,5.2,1.8,2744.0,514381167.0,20.8,1,69.4
2017,Russia,33.1,5.9,1.3,1783.0,562654674.0,27.2,6,13.3
2002,Australia,15.3,8.3,1.7,2519.0,1235851188.0,36.4,6,13.3
2018,UK,22.9,17.4,3.0,865.0,531510898.0,23.8,5,19.8
2022,USA,25.6,10.1,4.7,1119.0,299488478.0,18.1,9,69.8
2016,Japan,8.1,11.2,1.1,2524.0,1144515609.0,26.0,14,69.0
2004,Australia,10.2,1.7,2.4,1962.0,517404742.0,34.1,12,40.7
2002,France,30.8,19.3,2.6,2408.0,1193787532.0,25.6,6,14.5
2004,Canada,15.8,8.0,4.9,2154.0,552912628.0,35.0,2,65.9
2006,India,16.4,5.4,3.7,2452.0,30380783.0,31.8,11,22.6
2021,France,10.4,13.8,2.3,2644.0,1148375055.0,7.9,11,28.6
2003,Brazil,27.8,16.1,4.7,1980.0,1047317550.0,25.7,7,45.8
2016,Canada,9.5,6.2,3.7,744.0,355644712.0,38.5,1,18.5
2002,Brazil,11.8,14.0,3.0,2976.0,367803209.0,44.3,13,51.0
2009,Germany,19.4,2.4,1.7,2592.0,814653356.0,22.4,5,67.3
2000,Mexico,25.6,3.3,1.0,2370.0,563852853.0,11.5,13,63.6
2013,Brazil,28.8,17.7,4.6,2169.0,481755340.0,17.8,5,50.3
2023,Germany,32.4,12.0,1.5,1832.0,555356797.0,6.0,2,50.9
2020,Brazil,21.0,12.3,3.7,2556.0,1042719729.0,43.4,10,42.6
2000,South Africa,31.9,17.9,4.1,2398.0,64497807.0,29.5,12,30.5
2000,France,8.9,19.1,3.7,2413.0,178651192.0,44.7,14,54.4
2022,Brazil,18.4,9.5,4.6,1691.0,302427829.0,30.3,12,36.2
2016,China,16.9,10.0,1.5,2669.0,776918225.0,41.8,3,24.3
2000,France,28.3,,,,,24.4,6,52.9
2015,Indonesia,27.6,13.4,2.1,1513.0,1029993337.0,40.0,14,38.3
2011,South Africa,21.7,3.4,1.2,1394.0,717982156.0,26.8,0,36.8
2018,Japan,5.7,18.3,1.7,1485.0,604216448.0,41.8,1,44.3
2015,Canada,25.4,4.5,4.6,2286.0,646048990.0,10.9,11,46.7
2019,Japan,15.5,6.9,4.2,2053.0,693961526.0,28.1,4,33.0
2015,Japan,34.1,19.1,1.1,1483.0,220754183.0,38.8,12,47.7
2009,South Africa,17.0,14.6,1.5,1558.0,1002416208.0,11.1,9,44.0
2020,China,22.7,3.2,4.1,812.0,491426196.0,19.4,0,44.8
2023,Canada,28.0,8.3,5.0,1148.0,338334548.0,6.5,3,54.3
2022,Indonesia,15.9,11.5,3.3,980.0,838390349.0,47.7,3,50.5
2005,UK,16.8,13.7,4.2,2579.0,339256508.0,44.1,11,16.9
2012,Japan,6.7,19.2,2.1,684.0,872248030.0,21.7,6,39.0
2010,China,13.3,13.5,3.5,772.0,400506741.0,36.2,0,65.7
2015,Russia,22.0,13.6,2.0,1107.0,61229895.0,39.2,6,24.4
2004,Indonesia,13.0,5.3,1.5,2817.0,1219902888.0,17.3,3,44.0
2020,USA,21.1,11.2,4.8,2648.0,320264723.0,16.2,0,63.9
2002,India,29.3,7.4,3.5,1342.0,866716200.0,48.6,13,59.5
2000,USA,11.9,18.8,2.0,2681.0,297043004.0,47.0,6,48.7
2000,India,15.1,18.4,4.5,645.0,104256346.0,10.2,11,18.5
2023,France,9.8,10.9,4.9,545.0,1311466901.0,33.7,3,49.3
2011,China,6.6,16.6,2.3,2022.0,189064050.0,34.3,0,44.8
2010,Brazil,12.1,12.3,2.2,2205.0,56127465.0,10.3,9,34.9
2001,Germany,19.2,16.3,3.9,1305.0,1178735383.0,8.9,13,45.7
2022,South Africa,6.7,15.8,1.5,937.0,1088137161.0,31.0,1,16.8
2002,Russia,27.2,3.6,4.8,1729.0,1117841407.0,28.5,2,34.9
2019,Mexico,6.9,2.7,4.7,2794.0,782955174.0,34.3,11,27.9
2000,China,28.8,5.2,1.0,1398.0,385683145.0,29.6,2,49.7
2015,Indonesia,11.6,2.3,3.4,1978.0,46316734.0,37.3,12,60.7
2012,China,30.0,15.8,2.6,1007.0,144123536.0,47.2,6,37.8
2005,Argentina,5.7,10.6,4.1,1730.0,1356785799.0,8.0,10,61.6
2019,UK,8.7,,,,,12.8,4,21.7
2018,Japan,34.0,7.2,2.2,2653.0,704210527.0,19.3,13,64.2
2006,UK,12.8,19.5,1.2,1962.0,444312143.0,5.9,13,34.6
2018,Brazil,16.4,,,,,9.1,5,19.8
2015,Brazil,6.6,8.6,4.5,772.0,925802277.0,15.2,5,31.5
2014,Canada,24.8,,,,,47.9,5,59.1
2011,Australia,20.8,11.4,2.1,2625.0,1165547123.0,47.8,10,10.9
2003,Russia,7.9,2.0,4.3,2271.0,885787660.0,23.3,12,62.0
2002,Brazil,19.1,14.5,3.1,920.0,947263298.0,37.0,14,20.1
2006,South Africa,12.0,10.8,4.1,2681.0,165768267.0,11.7,9,67.7
2000,South Africa,31.5,,,,,29.2,1,56.2
2021,Indonesia,33.6,18.6,4.2,1191.0,884111039.0,13.0,13,68.5
2022,Australia,11.1,11.2,4.1,756.0,325979799.0,35.3,8,12.4
2001,Germany,30.3,,,,,18.7,14,50.3
2009,Russia,24.6,13.2,4.6,1689.0,925981847.0,8.7,12,34.6
2010,South Africa,15.6,,,,,13.7,7,27.4
2014,Japan,16.9,3.0,4.2,1152.0,1048951853.0,29.7,13,25.8
2010,Brazil,13.0,14.0,4.5,1115.0,1060152685.0,17.3,1,15.6
2022,Russia,12.6,13.6,3.2,2550.0,829586067.0,27.7,12,38.7
2017,Australia,23.7,7.9,1.4,783.0,1190249588.0,6.6,5,32.0
2010,Indonesia,10.8,14.7,2.3,998.0,442921564.0,28.8,13,41.3
2008,Argentina,18.0,7.1,4.8,1037.0,1209391736.0,27.8,4,47.1
2011,Brazil,5.3,,,,,41.2,5,63.0
2012,France,28.4,3.2,4.8,871.0,226805324.0,42.4,6,12.7
2003,Australia,20.0,18.6,1.7,2830.0,621558597.0,31.8,5,43.9
2021,China,18.3,10.8,3.1,2177.0,393241030.0,28.7,7,29.6
2020,Australia,6.9,14.6,3.9,878.0,26451115.0,42.1,4,33.3
2014,Mexico,20.8,17.5,4.6,1398.0,936223565.0,15.7,11,63.1
2004,Japan,22.6,,,,,48.0,3,29.2
2019,Indonesia,16.6,7.4,2.0,1201.0,566743465.0,30.4,11,28.8
2004,Germany,13.5,12.7,3.6,2794.0,489265598.0,41.3,1,66.8
2020,Argentina,11.1,15.4,2.3,826.0,210449747.0,5.4,4,23.8
2007,Russia,32.7,17.6,4.0,1098.0,414805054.0,38.3,14,59.6
2009,USA,14.6,8.9,4.6,715.0,643338166.0,42.8,4,29.4
2000,China,18.3,3.7,1.8,2090.0,521491291.0,30.9,13,39.3
2018,Brazil,12.5,18.0,4.1,2394.0,32747976.0,37.3,8,35.8
2015,France,30.6,4.1,4.3,2259.0,833635961.0,16.3,13,38.5
2006,South Africa,6.1,16.7,4.0,2794.0,298662647.0,38.4,9,12.3
2007,Germany,21.0,13.8,2.9,2855.0,1064569796.0,14.7,10,22.2
2013,Brazil,20.2,11.2,1.7,2353.0,420231924.0,21.0,10,29.5
2021,Indonesia,18.4,11.8,2.9,2077.0,1280891832.0,35.8,0,33.0
2012,Germany,19.0,9.3,3.1,1684.0,539924174.0,11.6,13,62.7
2022,Canada,28.7,5.9,2.0,2726.0,599372628.0,15.9,8,46.0
2019,Russia,5.5,9.0,4.7,2015.0,12631400.0,44.7,2,17.5
2017,Japan,28.6,6.6,4.6,2716.0,1039025430.0,25.4,11,16.5
2013,Canada,10.7,18.7,4.6,1027.0,1167788803.0,46.4,3,53.6
2016,South Africa,12.2,11.3,1.2,1618.0,663913018.0,38.3,4,36.2
2013,France,8.7,6.1,3.1,2039.0,72414944.0,30.5,12,21.3
2000,China,31.0,3.4,3.3,1842.0,1076162478.0,43.2,5,36.7
2023,China,12.0,16.9,2.8,2520.0,508830032.0,21.0,3,59.9
2004,Indonesia,12.0,15.0,3.7,921.0,342865321.0,24.3,14,47.0
2022,USA,17.6,12.1,2.7,2800.0,787469860.0,40.0,2,46.7
2019,Australia,23.1,9.5,1.8,2369.0,165930526.0,29.1,9,59.5
2007,Canada,32.1,5.5,4.0,1388.0,73639916.0,12.4,12,57.6
2013,Canada,11.9,18.8,2.0,2442.0,254618460.0,36.6,10,43.8
2000,Australia,8.3,12.1,1.1,2195.0,353488527.0,42.4,13,63.2
2013,India,14.5,18.2,2.7,1231.0,1063134918.0,43.0,8,37.6
2013,France,12.7,9.8,3.9,1658.0,1199331484.0,47.6,0,40.0
2018,USA,18.9,14.1,2.7,1472.0,922097331.0,9.0,6,48.0
2012,USA,11.8,15.5,3.8,2626.0,56245653.0,45.2,14,23.8
2011,Brazil,24.7,13.6,2.8,2372.0,1091856204.0,6.3,11,18.1
2003,Mexico,24.7,7.4,4.1,1365.0,106846880.0,31.7,9,28.0
2019,Australia,21.5,5.2,1.5,2373.0,714759147.0,43.4,14,63.2
2006,USA,23.5,19.8,2.1,2853.0,629814899.0,7.6,12,70.0
2008,Japan,19.4,9.3,4.3,2334.0,242481524.0,10.8,13,10.3
2000,UK,17.1,13.4,2.0,754.0,343373633.0,16.0,11,69.8
2007,India,34.0,18.1,2.2,1628.0,522918956.0,6.8,14,43.6
2002,India,17.6,6.6,4.5,1851.0,40236300.0,27.9,11,27.9
2023,USA,11.3,3.0,2.4,2456.0,420542436.0,45.6,2,24.3
2012,France,5.2,2.8,2.1,1742.0,313545957.0,17.2,3,11.1
2004,UK,16.2,14.3,1.6,1396.0,331580116.0,8.4,8,24.5
2010,France,14.0,,,,,17.1,14,65.9
2002,South Africa,27.8,4.4,2.1,2369.0,169324386.0,48.5,12,13.6
2016,China,19.9,1.1,1.9,1034.0,438565972.0,30.2,9,56.7
2015,Indonesia,27.3,2.4,2.3,1476.0,1132944962.0,46.6,7,50.4
2009,Brazil,31.5,9.3,3.6,1149.0,172465953.0,23.7,9,15.4
2006,Indonesia,12.1,8.3,4.0,2225.0,666108195.0,40.6,14,67.5
2000,UK,21.8,10.0,2.2,1273.0,876123161.0,14.9,14,30.1
2021,Argentina,21.0,9.7,2.6,829.0,432913646.0,42.3,1,14.3
2000,USA,9.9,3.7,2.5,2067.0,739358801.0,9.5,7,64.7
2001,UK,25.6,16.8,1.0,674.0,183851069.0,27.6,3,46.2
2004,UK,13.3,8.0,3.4,2763.0,1230785104.0,47.8,1,36.2
2020,Russia,30.4,10.6,2.7,1875.0,521663999.0,8.8,12,49.6
2017,France,15.3,0.6,2.9,2181.0,342901215.0,46.4,3,55.0
2017,Mexico,25.7,3.5,2.8,1017.0,761831829.0,35.2,9,12.0
2010,Argentina,24.5,13.6,1.2,1007.0,200316893.0,14.9,7,67.3
2012,India,5.4,11.7,4.4,2011.0,574018793.0,29.9,8,25.6
2018,China,24.8,4.7,1.9,2105.0,341648458.0,25.7,14,16.5
2000,UK,22.4,9.2,2.6,950.0,1101337256.0,29.6,5,61.3
2019,India,13.1,,,,,42.9,8,33.1
2018,Russia,24.4,,,,,44.4,7,26.0
2014,France,14.7,5.4,4.7,2933.0,1151040277.0,24.1,13,20.3
2019,Mexico,29.2,8.4,3.7,1769.0,1166786685.0,30.1,9,64.2
2000,Germany,14.4,0.7,1.3,2904.0,1357011909.0,30.8,5,15.6
2002,Argentina,27.6,13.6,1.6,1056.0,711474124.0,11.1,10,23.8
2015,USA,28.8,0.6,2.2,2382.0,204172325.0,9.9,8,27.5
2017,India,21.8,9.3,1.6,1927.0,1113231627.0,39.1,7,10.2
2007,Germany,17.6,3.3,1.4,737.0,423388217.0,43.8,10,46.5
2001,Japan,28.6,4.5,3.2,1166.0,509030277.0,16.2,2,56.9
2014,Brazil,30.9,10.2,3.5,771.0,617520058.0,12.9,11,48.9
2020,Japan,9.1,15.3,4.4,1481.0,399126588.0,41.3,11,37.4
2016,UK,28.3,18.2,1.9,770.0,1102449044.0,32.7,10,63.0
2023,Argentina,20.3,,,,,39.1,8,66.0
2004,South Africa,21.5,,,,,20.2,0,49.1
2016,Indonesia,5.6,8.4,2.1,2082.0,227533555.0,37.9,4,19.0
2008,Russia,34.2,13.0,4.5,847.0,1031018863.0,39.3,11,14.8
2019,India,21.2,3.8,2.3,1389.0,1333758926.0,26.8,8,37.4
2016,Canada,31.2,8.4,1.8,2972.0,695971780.0,27.9,2,36.3
2003,France,11.0,7.1,2.8,1207.0,1151159927.0,34.3,14,23.5
2009,Argentina,15.7,2.5,4.7,1453.0,548470440.0,29.4,14,26.4
2015,Argentina,20.7,12.8,4.3,2761.0,455823356.0,50.0,3,19.4
2023,USA,20.0,17.9,3.7,2284.0,1310548957.0,25.6,14,50.6
2018,Canada,34.0,1.1,1.6,647.0,670245096.0,41.8,0,29.7
2015,China,28.8,11.3,3.0,1085.0,674280911.0,19.4,14,30.1
2004,Canada,10.2,8.4,3.2,941.0,152248022.0,45.2,14,43.4
2004,Russia,33.4,2.8,2.5,2679.0,1084717946.0,45.2,5,51.0
2017,China,16.9,15.9,2.6,1297.0,456955256.0,23.3,4,53.3
2022,Japan,29.8,19.9,1.3,2210.0,968059240.0,34.9,11,28.6
2011,UK,26.2,8.6,4.1,713.0,1287012541.0,17.9,9,20.6
2010,Brazil,5.0,15.8,5.0,2329.0,909090341.0,21.0,12,32.9
2002,Germany,8.1,,,,,37.3,10,28.1
2023,Mexico,28.5,,,,,27.5,0,35.7
2013,Russia,9.3,9.4,4.2,2796.0,27559312.0,33.2,4,10.4
2018,Germany,22.3,18.3,3.2,1234.0,1016644563.0,46.8,0,24.9
2002,Russia,21.2,8.8,4.0,2606.0,542400855.0,19.4,14,49.6
2020,Russia,22.0,1.2,4.4,2134.0,1128364538.0,20.2,2,40.0
2002,South Africa,33.8,6.8,4.0,2381.0,351991271.0,8.5,4,62.1
2012,USA,26.1,7.9,1.3,621.0,857993113.0,12.0,0,56.4
2023,Mexico,11.5,8.6,1.8,582.0,866432043.0,8.8,3,13.2
2005,Argentina,10.0,,,,,21.5,6,23.8
2001,Argentina,33.2,18.2,2.9,2372.0,1078565697.0,15.7,1,39.7
2001,Russia,33.9,12.6,4.8,1707.0,877308425.0,6.7,9,21.0
2021,Japan,10.1,5.0,3.4,1712.0,847894451.0,34.8,12,41.6
2015,France,30.6,4.1,4.3,2259.0,833635961.0,16.3,13,38.5
2013,South Africa,7.8,11.1,1.5,591.0,760436315.0,16.4,9,63.9
2006,Mexico,34.5,3.7,4.1,1420.0,1017231293.0,12.3,7,27.0
2009,Russia,27.5,12.4,1.1,1058.0,1142110790.0,19.9,14,65.9
2021,UK,17.1,20.0,5.0,2022.0,284705392.0,41.0,14,52.7
2013,South Africa,32.1,8.9,1.8,1047.0,110285989.0,8.5,4,51.1
2016,France,32.6,18.1,4.0,1545.0,333230308.0,49.5,10,64.8
2012,Canada,11.4,11.6,2.7,1667.0,276284677.0,24.9,3,64.4
2012,South Africa,29.6,16.5,1.5,986.0,1381708532.0,22.1,8,16.1
2010,South Africa,9.9,9.8,2.5,2137.0,1289186948.0,10.8,10,31.0
2001,USA,24.5,19.4,3.6,2041.0,214534006.0,47.7,10,60.9
2023,China,22.5,6.6,3.8,1088.0,554504868.0,16.4,13,67.7
2002,Canada,33.7,2.4,3.3,1674.0,1146777310.0,18.6,5,29.1
2000,Indonesia,29.7,7.2,1.1,1962.0,811864189.0,5.2,8,53.3
2023,France,21.4,,,,,36.5,13,15.5
2023,USA,12.6,1.1,1.9,1594.0,572998076.0,8.9,0,63.9
2012,Japan,14.4,,,,,12.2,3,13.8
2022,France,12.1,,,,,7.2,9,39.6
2015,USA,8.7,4.2,3.9,1339.0,172575234.0,14.1,3,56.6
2014,Australia,27.2,2.0,3.9,589.0,761742932.0,34.8,14,37.2
2004,China,33.9,7.4,3.0,1951.0,247496090.0,40.5,11,26.5
2018,Argentina,24.7,17.8,4.0,2037.0,740582553.0,24.7,8,22.3
2023,Japan,21.9,4.9,3.2,2135.0,760660662.0,19.0,11,49.7
2001,Germany,6.3,6.7,3.2,2378.0,1119422832.0,26.2,11,50.7
2000,Mexico,8.2,5.5,1.4,1579.0,475061537.0,29.2,9,30.7
2017,China,23.5,,,,,33.9,9,35.3
2005,USA,27.1,12.0,2.5,622.0,1152039496.0,17.9,13,17.7
2012,China,12.7,20.0,4.1,2701.0,1014597705.0,46.0,11,57.3
2006,UK,8.9,9.3,3.1,1441.0,530911230.0,20.4,14,59.8
2005,Canada,25.9,8.1,3.1,2361.0,393359182.0,15.8,9,64.8
2004,India,22.6,9.9,1.0,624.0,200614447.0,39.0,14,18.1
2017,Canada,16.3,2.3,3.4,2458.0,1391480145.0,17.1,9,63.9
2011,China,22.2,13.9,3.6,678.0,1175564118.0,33.7,13,32.9
2023,Germany,13.2,16.5,1.5,1401.0,538799164.0,7.5,6,38.8
2003,USA,11.8,14.4,2.3,2090.0,1373223501.0,30.6,10,29.9
2004,Argentina,9.8,2.1,1.5,1290.0,742981303.0,15.6,1,40.1
2011,Russia,15.1,6.2,4.3,2829.0,798368160.0,20.2,12,38.6
2010,Mexico,8.3,9.8,1.9,873.0,1280296355.0,39.9,0,18.7
2023,China,28.8,4.5,3.7,1108.0,1180278134.0,33.8,9,47.2
2017,India,14.7,,,,,49.9,8,17.4
2023,Indonesia,27.8,9.3,1.5,2648.0,1330131634.0,19.4,10,17.2
2021,India,31.4,16.6,2.1,1602.0,1242658359.0,28.3,10,60.6
2016,Indonesia,26.0,6.6,3.3,2981.0,117179548.0,7.4,2,43.7
2015,Russia,23.4,8.2,1.2,1001.0,74913944.0,37.3,9,41.6
2009,Argentina,11.0,12.0,1.7,2510.0,504454279.0,14.2,2,61.8
2015,India,16.8,12.6,2.4,1189.0,970973825.0,47.5,9,52.5
2006,Brazil,24.6,1.3,2.5,2815.0,69840394.0,31.4,12,15.6
2009,Argentina,16.4,17.2,3.7,1122.0,306798170.0,9.3,8,47.8
2003,France,25.8,11.0,4.0,1319.0,458944956.0,33.2,14,27.9
2016,USA,26.9,3.8,3.5,2313.0,722640614.0,9.6,12,33.6
2019,Canada,29.5,9.5,4.6,2618.0,968769498.0,5.5,12,53.4
2007,Germany,20.6,2.1,3.7,1066.0,57953426.0,8.3,0,20.1
2017,South Africa,11.3,0.6,3.0,1005.0,941922654.0,41.6,3,40.3
2008,Japan,21.4,10.7,4.7,1589.0,235549454.0,29.8,12,38.4
2012,Brazil,32.5,8.8,1.5,2459.0,802778534.0,48.3,1,12.1
2022,Germany,13.7,1.8,1.8,2238.0,630704719.0,45.3,10,23.4
2018,Australia,10.7,10.3,4.3,1715.0,1020760264.0,35.6,3,11.5
2001,Germany,15.3,2.2,3.9,1856.0,573710142.0,23.8,11,50.5
2023,Brazil,14.3,12.2,1.1,2661.0,743306453.0,10.1,7,40.0
2023,Australia,11.5,9.2,2.3,1910.0,1010451727.0,15.5,5,24.4
2019,Argentina,11.8,3.4,1.8,2949.0,697781804.0,49.1,8,49.1
2012,USA,11.8,15.5,3.8,2626.0,56245653.0,45.2,14,23.8
2005,Argentina,27.0,14.3,2.5,1955.0,898654624.0,29.3,2,20.2
2005,Indonesia,7.8,0.6,2.3,654.0,673431694.0,10.9,14,56.3
2010,Indonesia,18.1,8.4,4.1,2206.0,899066343.0,47.6,10,40.2
2023,China,12.0,16.9,2.8,2520.0,508830032.0,21.0,3,59.9
2003,Japan,16.6,7.1,4.1,2673.0,109741109.0,43.0,8,38.3
2018,France,24.8,5.4,4.1,2620.0,1267230374.0,24.9,5,44.9
2022,USA,9.9,13.1,1.5,1489.0,688166625.0,8.9,13,27.6
2002,USA,13.3,,,,,40.6,5,30.3
2020,Indonesia,30.0,1.7,2.7,551.0,633829632.0,18.5,2,10.6
2000,South Africa,24.0,14.3,1.7,2762.0,313096322.0,17.5,6,17.1
2004,Russia,33.4,2.8,2.5,2679.0,1084717946.0,45.2,5,51.0
2016,Argentina,7.2,16.7,5.0,1796.0,1353028485.0,28.7,3,50.8
2010,Australia,30.3,9.0,4.5,2367.0,1151520192.0,6.2,7,57.6
2006,Canada,6.6,4.9,2.8,1012.0,459323770.0,29.8,14,39.0
2010,Germany,24.9,11.2,1.4,1841.0,63908951.0,40.7,10,21.9
2015,Mexico,18.5,10.2,1.4,1840.0,672570272.0,38.4,10,53.9
2019,France,28.5,12.3,3.2,2720.0,1331017695.0,41.4,14,60.5
2011,France,21.7,5.2,2.6,1181.0,1214544133.0,33.1,14,54.4
2003,France,19.5,11.6,4.2,610.0,413929509.0,26.8,13,60.3
2015,France,19.3,8.3,2.3,824.0,826741489.0,37.1,13,14.2
2000,India,16.7,,,,,5.8,3,50.7
2019,South Africa,26.8,2.8,1.3,1965.0,689862289.0,21.7,8,63.7
2007,Russia,23.1,2.8,3.1,2054.0,61974096.0,14.5,6,51.7
2003,Germany,30.5,7.7,3.0,2871.0,1038669571.0,19.4,10,33.5
2004,Japan,7.8,6.0,2.3,2084.0,604837682.0,39.8,9,16.2
2013,USA,20.3,14.8,3.2,886.0,202353097.0,17.6,12,29.0
2005,Canada,19.3,13.0,4.8,1204.0,978026054.0,38.4,14,12.5
2004,UK,16.7,1.6,2.2,1361.0,367224757.0,37.5,2,11.6
2002,France,9.4,19.0,3.7,2202.0,1080854924.0,7.0,2,57.0
2019,USA,33.6,5.7,1.4,1629.0,1356634360.0,13.8,14,31.8
2000,South Africa,31.5,,,,,29.2,1,56.2
2018,China,14.7,13.0,2.2,690.0,931316975.0,17.9,14,62.3
2016,Australia,8.1,8.2,4.7,1919.0,1297393635.0,33.2,14,54.9
2000,Russia,15.1,15.8,5.0,1138.0,242436875.0,37.6,1,52.4
2020,Australia,11.8,,,,,21.0,6,58.4
2011,China,5.6,3.0,4.8,978.0,883572947.0,33.3,9,14.9
2007,China,8.3,,,,,12.1,6,45.2
2008,Japan,10.9,4.8,1.7,2003.0,1296305728.0,28.7,1,32.0
2011,Russia,8.7,1.8,2.5,584.0,117422206.0,41.1,5,61.0
2014,UK,7.1,17.1,1.3,1658.0,636476204.0,23.0,1,46.2
2007,USA,16.8,6.3,4.1,1062.0,41988408.0,7.4,1,41.6
2021,Argentina,13.9,16.3,1.7,2612.0,46153952.0,11.8,1,29.0
2015,Germany,22.6,12.3,3.8,2354.0,55182052.0,48.4,13,13.0
2001,Germany,34.7,4.7,4.4,1504.0,1377569278.0,24.9,0,36.9
2004,Japan,7.3,17.3,3.1,1912.0,1263362850.0,31.2,8,29.5
2001,Brazil,7.6,,,,,28.5,11,62.5
2005,Germany,32.0,16.6,2.0,1046.0,1374002297.0,25.4,10,61.6
2004,Australia,9.2,1.1,2.5,708.0,212718211.0,34.4,0,34.9
2023,USA,33.3,9.4,1.4,882.0,589637290.0,26.1,6,34.9
2023,Argentina,22.4,4.4,1.0,2857.0,94830920.0,49.5,11,44.2
2014,South Africa,33.4,19.8,2.8,2560.0,1064093028.0,23.3,13,62.2
2002,Russia,17.4,16.6,1.6,1301.0,583661545.0,47.7,4,27.5
2015,France,29.6,1.3,4.7,1290.0,1379671819.0,48.9,8,21.2
2002,India,30.5,13.5,1.8,2887.0,377355052.0,7.3,5,47.2
2009,Mexico,25.5,2.5,3.6,2723.0,144553139.0,30.0,5,66.3
2003,South Africa,30.2,8.5,2.9,1604.0,1168018187.0,28.7,3,33.9
2012,Canada,24.2,18.0,3.3,2435.0,240259011.0,16.0,4,67.6
2018,China,18.1,11.4,1.9,1802.0,792341941.0,23.9,5,64.6
2004,India,19.4,16.8,4.4,2636.0,990213564.0,8.0,1,40.4
2001,India,20.8,1.0,3.8,2112.0,42474142.0,23.5,1,29.3
2001,South Africa,23.4,1.9,3.6,2776.0,936138519.0,45.8,7,21.9
2017,Brazil,23.4,1.4,3.6,2795.0,958819872.0,13.8,10,22.4
2004,Argentina,15.4,8.5,2.0,1416.0,1114422920.0,31.8,0,46.9
2013,Canada,9.7,19.1,1.8,1438.0,1141561184.0,16.8,8,24.6
2020,Russia,17.7,15.7,5.0,1524.0,655879251.0,35.8,9,16.8
2000,India,20.9,15.9,2.6,1100.0,1237433800.0,26.4,8,61.3
2016,Russia,25.6,3.4,2.2,1403.0,603930696.0,41.2,10,37.5
2018,Brazil,12.0,12.3,3.8,2832.0,856099723.0,37.6,3,25.0
2019,UK,17.2,16.3,3.1,1269.0,898807235.0,7.0,13,66.0
2023,Argentina,13.0,6.2,4.9,1472.0,935533058.0,21.3,0,23.7
2015,France,13.9,17.6,2.3,2214.0,907108797.0,24.9,9,24.2
2000,Argentina,16.9,3.9,4.0,2047.0,564877556.0,15.5,11,18.4
2021,Mexico,34.2,19.8,4.6,2251.0,749585197.0,9.0,10,39.9
2022,Mexico,22.4,18.9,2.0,844.0,722568466.0,7.3,2,32.6
2017,Mexico,9.5,3.8,3.4,1577.0,1216476753.0,48.2,1,63.7
2008,Indonesia,12.3,6.4,1.5,671.0,262587298.0,30.6,11,38.9
2016,Mexico,10.4,18.5,1.1,528.0,935911975.0,28.3,2,56.3
2005,Brazil,34.4,5.0,3.7,2132.0,104922177.0,29.3,3,46.9
2014,South Africa,8.9,8.0,1.3,897.0,46184187.0,15.4,0,24.8
2000,South Africa,30.4,12.2,4.5,1498.0,755505933.0,36.9,0,30.8
2014,Japan,18.9,10.7,4.8,2852.0,214294469.0,32.2,9,27.9
2002,India,8.5,0.8,5.0,1857.0,986237569.0,29.5,0,53.8
2015,South Africa,23.9,10.5,4.0,2315.0,975428867.0,12.6,1,62.9
2019,France,29.4,16.2,1.8,1537.0,57650147.0,23.9,5,32.4
2000,Indonesia,30.2,12.0,3.0,1591.0,629396369.0,32.2,9,22.8
2001,Argentina,8.4,16.8,2.3,2035.0,1334032802.0,12.7,3,19.8
2020,Argentina,8.4,6.5,3.5,990.0,1225881222.0,47.0,8,68.5
2003,China,28.3,12.3,2.6,2764.0,205087750.0,14.5,4,40.8
2013,Canada,16.6,14.6,1.5,1065.0,956249631.0,7.4,14,32.5
2014,Argentina,25.9,7.6,4.2,2005.0,441359567.0,21.4,0,66.3
2012,UK,21.6,1.1,2.4,2469.0,730110223.0,29.0,14,60.6
2015,Japan,34.1,19.1,1.1,1483.0,220754183.0,38.8,12,47.7
2017,Australia,29.0,2.4,2.2,1577.0,313504125.0,13.5,1,43.3
2018,France,23.2,12.1,4.6,764.0,863465591.0,5.6,11,53.4
2012,Australia,16.1,1.7,3.4,2784.0,393935884.0,8.3,12,54.8
2011,Indonesia,13.4,9.9,3.8,2083.0,1358606331.0,21.1,9,56.9
2021,Australia,24.9,4.9,4.1,2911.0,281959311.0,45.8,1,68.3
2016,Russia,23.5,13.7,2.7,1058.0,1073643084.0,23.3,8,60.5
2023,India,31.0,17.6,2.0,2444.0,365927452.0,25.1,8,20.6
2006,Argentina,22.9,16.6,2.1,2272.0,1069151826.0,18.4,8,16.6
2002,Mexico,11.7,,,,,48.3,3,62.5
2018,Russia,15.4,4.1,4.1,1437.0,889870619.0,29.5,11,55.0
2007,France,34.8,17.1,2.8,1964.0,1335512175.0,27.2,12,66.6
2016,Indonesia,34.3,1.4,1.9,2783.0,578387192.0,10.1,13,16.6
2002,Japan,25.0,14.8,3.2,2530.0,824431639.0,41.7,9,52.3
2020,UK,7.8,12.1,4.9,1541.0,31063151.0,47.0,11,16.1
2002,Brazil,11.9,4.7,2.9,2485.0,374520492.0,27.0,0,16.0
2000,UK,33.5,2.8,4.1,1539.0,949007159.0,31.4,13,61.0
2011,South Africa,21.0,17.0,4.2,928.0,1140524807.0,25.7,5,60.8
2009,France,8.4,,,,,39.3,5,57.1
2017,Japan,22.9,,,,,42.6,2,11.0
2000,South Africa,34.8,8.6,1.9,2236.0,824102127.0,10.2,2,11.1
2009,Germany,34.3,15.8,1.3,1388.0,1280706662.0,19.8,13,48.9
2008,Brazil,32.2,,,,,48.7,13,48.4
2002,Canada,12.1,0.9,1.5,2659.0,45925925.0,42.6,1,17.6
2006,Russia,18.5,7.1,1.4,1935.0,759565231.0,11.4,7,29.5
2020,South Africa,17.0,15.3,2.9,1221.0,148881368.0,40.6,1,50.9
2018,Japan,32.8,12.6,3.5,2995.0,1274619263.0,28.2,14,66.1
2008,Japan,14.5,14.8,1.2,2319.0,35139374.0,22.7,13,46.5
2022,China,28.6,,,,,35.9,13,30.4
2001,UK,7.4,16.1,1.6,1192.0,838168075.0,34.2,8,29.2
2022,South Africa,34.4,9.0,3.8,501.0,455208813.0,37.1,14,32.4
2015,USA,16.4,17.5,1.7,1700.0,93560788.0,8.7,6,31.3
2009,Germany,23.0,9.9,1.3,629.0,1082501828.0,47.6,8,25.7
2020,Brazil,23.8,6.0,3.4,956.0,1246729629.0,25.9,2,52.2
2007,China,5.4,,,,,35.1,12,57.6
2005,Argentina,9.0,,,,,9.5,3,44.4
2018,India,27.4,19.1,4.8,2874.0,122071965.0,48.6,2,55.2
2005,India,32.5,2.5,1.3,1126.0,471324215.0,39.0,0,53.6
2021,UK,27.6,13.7,4.0,2387.0,1363325194.0,20.8,6,65.3
2022,Germany,22.9,14.9,3.3,654.0,1331115761.0,44.6,8,10.5
2003,China,33.2,4.5,4.9,2718.0,1102285590.0,9.8,12,53.2
2020,Russia,18.6,5.7,3.7,1792.0,11186886.0,49.8,2,19.2
2005,India,7.7,6.1,4.0,1219.0,588745515.0,21.3,9,21.7
2012,South Africa,26.6,9.6,4.1,698.0,60938189.0,10.4,7,18.8
2007,Brazil,25.3,,,,,39.9,3,24.0
2019,Indonesia,7.8,8.9,1.9,2653.0,483741561.0,23.3,13,46.5
2008,Argentina,25.1,15.4,2.7,2386.0,803864353.0,48.2,12,54.9
2023,Japan,27.7,4.7,1.1,1286.0,1368121693.0,18.9,1,53.6
2014,USA,5.5,,,,,42.2,2,50.4
2008,Russia,12.6,0.6,3.8,678.0,1184550275.0,47.0,14,67.5
2007,Canada,26.7,14.7,1.4,876.0,475005508.0,25.1,6,37.0
2011,Russia,11.9,10.9,2.6,1910.0,874974281.0,44.3,11,59.6
2002,France,30.4,11.9,4.7,2878.0,193419191.0,32.8,1,44.3
2011,USA,31.3,12.9,2.3,728.0,310976210.0,34.6,6,13.7
2007,Russia,24.9,,,,,39.7,12,66.5
2004,Australia,7.7,8.6,1.1,534.0,1027559585.0,8.3,4,35.1
2006,Indonesia,26.5,2.3,1.8,943.0,1179906692.0,35.2,12,58.5
2022,Russia,16.2,16.4,2.1,671.0,501887577.0,21.6,12,20.2
2006,Germany,25.0,7.9,4.6,1605.0,703458181.0,19.2,1,22.6
2018,Brazil,9.8,0.5,1.0,656.0,239135473.0,20.6,5,51.3
2001,Mexico,17.9,14.9,2.1,1388.0,207497580.0,25.2,8,64.6
2018,India,33.8,7.9,3.1,2568.0,573634321.0,10.5,12,12.8
2006,Indonesia,21.4,7.4,1.4,2483.0,454764789.0,29.2,10,12.2
2021,France,21.9,7.1,2.3,2401.0,680925261.0,37.9,4,52.4
2002,Canada,18.3,11.5,3.5,2538.0,1386998486.0,21.0,11,12.3
2006,France,24.7,16.7,2.8,1769.0,730089798.0,20.4,8,13.3
2022,China,17.9,13.7,4.4,2255.0,804974926.0,21.9,12,53.8
2005,India,7.8,12.9,1.0,1660.0,20339904.0,31.0,12,41.7
2014,France,26.2,16.9,1.0,2744.0,140376298.0,8.2,3,26.3
2001,UK,7.1,15.4,3.2,2063.0,901531557.0,10.7,12,63.6
2014,Indonesia,15.7,14.9,1.5,2516.0,1305532079.0,43.9,9,68.7
2022,Australia,27.9,18.5,3.4,1677.0,748156329.0,10.1,13,55.9
2012,Argentina,20.6,15.7,1.2,678.0,927578734.0,5.4,3,22.6
2020,Russia,29.9,5.0,3.1,2407.0,536210430.0,24.8,2,12.2
2004,Indonesia,5.7,,,,,27.5,2,58.0
2000,USA,15.3,15.6,3.6,1496.0,884137537.0,20.6,10,36.1
2004,Canada,19.2,5.5,1.8,1455.0,60556258.0,36.8,7,67.7
2023,Russia,30.9,11.4,3.3,979.0,1012843726.0,27.6,13,60.2
2011,Japan,22.2,15.2,2.1,2814.0,565411899.0,12.8,8,61.1
2016,Russia,17.1,,,,,35.0,14,16.5
2008,Argentina,28.6,16.0,3.5,1640.0,398067665.0,25.9,14,34.0
2000,Canada,22.8,9.6,2.5,720.0,248996061.0,14.4,12,30.5
2003,Russia,21.3,,,,,16.3,8,51.7
2007,Argentina,7.7,19.9,1.6,918.0,203114192.0,16.9,10,58.7
2014,India,27.5,18.5,3.0,667.0,894808615.0,45.4,9,10.1
2019,Mexico,28.6,2.5,3.8,1911.0,1121338990.0,29.9,10,60.4
2007,Indonesia,19.9,13.0,1.2,1412.0,318523214.0,13.0,9,29.8
2014,Indonesia,15.7,14.9,1.5,2516.0,1305532079.0,43.9,9,68.7
2000,UK,20.5,11.8,4.1,812.0,39478806.0,26.0,6,66.1
2020,USA,8.1,11.1,2.2,2659.0,1072790036.0,37.7,8,64.7
2021,South Africa,7.8,12.5,2.6,2997.0,306103394.0,15.5,9,51.3
2003,USA,12.4,0.6,3.5,2780.0,866033515.0,14.2,11,44.6
2018,Argentina,34.6,10.7,4.6,1547.0,298632383.0,45.0,3,46.5
2018,Japan,28.4,9.9,3.5,1203.0,471260143.0,46.4,0,57.2
2000,Australia,11.4,2.2,1.8,1071.0,1388230143.0,12.0,4,50.9
2002,Indonesia,34.4,7.0,2.0,567.0,168531317.0,9.0,0,53.0
2003,UK,7.1,12.1,3.4,844.0,727544812.0,12.0,10,20.8
2007,Indonesia,6.8,17.4,1.5,2681.0,1264503560.0,7.4,0,30.4
2001,Canada,21.2,14.9,4.0,1048.0,535387911.0,32.9,0,67.3
2020,India,9.6,5.7,1.2,795.0,988849880.0,11.1,8,44.9
2021,Japan,23.8,19.5,1.9,1597.0,428766962.0,34.9,0,46.2
2003,Argentina,10.0,16.5,1.3,626.0,1211429158.0,21.9,13,17.2
2003,Australia,23.1,4.7,4.3,2215.0,970758730.0,33.0,5,61.5
2015,Russia,23.4,8.2,1.2,1001.0,74913944.0,37.3,9,41.6
2022,Russia,9.3,19.4,3.3,2874.0,981675241.0,9.1,3,59.3
2008,China,34.8,19.8,2.8,904.0,1119409767.0,20.2,9,53.5
2009,Argentina,20.1,1.5,4.3,1934.0,380527763.0,40.1,11,61.1
2014,UK,25.3,12.9,2.7,1598.0,772826167.0,28.0,8,15.5
2000,UK,22.9,13.7,4.7,1255.0,1366969728.0,33.4,12,41.2
2022,Japan,31.9,9.5,5.0,1412.0,433898990.0,46.3,5,49.2
2006,Argentina,12.3,5.7,4.1,690.0,964717552.0,40.1,13,62.0
2023,Germany,18.3,4.2,3.0,2976.0,1017684486.0,40.2,1,52.5
2023,USA,6.8,17.5,3.3,971.0,762718291.0,38.2,2,48.4
2006,Brazil,9.9,14.5,1.8,1589.0,1082347326.0,35.0,6,50.6
2021,China,29.7,12.6,2.1,890.0,334345649.0,44.0,9,31.3
2014,France,25.6,6.2,1.0,645.0,93966977.0,27.1,11,25.0
2020,France,5.1,8.5,4.3,1315.0,943264951.0,50.0,7,41.3
2009,India,23.4,15.8,4.6,777.0,534063088.0,8.3,0,53.4
2019,Canada,21.8,1.0,4.9,2524.0,1395185778.0,5.8,1,51.0
2004,USA,28.5,8.2,2.0,851.0,1001119882.0,49.6,7,15.7
2002,Canada,27.3,19.1,2.4,2052.0,66735271.0,23.9,9,60.0
2019,Canada,21.8,1.0,4.9,2524.0,1395185778.0,5.8,1,51.0
2011,Australia,19.8,13.5,2.6,2053.0,444296725.0,12.9,1,67.6
2019,USA,27.8,14.7,4.9,1637.0,648823762.0,16.0,0,21.4
2005,India,34.8,15.8,1.3,1910.0,1287584579.0,12.4,1,51.9
2000,Argentina,16.9,3.9,4.0,2047.0,564877556.0,15.5,11,18.4
2015,Australia,6.2,1.5,3.2,2271.0,428326345.0,49.8,6,17.0
2006,France,9.8,16.0,2.7,1664.0,1278299069.0,47.8,1,23.3
2016,Indonesia,26.0,6.6,3.3,2981.0,117179548.0,7.4,2,43.7
2022,India,23.6,8.1,2.4,1169.0,1314459009.0,31.2,1,18.0
2010,France,14.0,,,,,17.1,14,65.9
2022,India,11.7,11.1,1.2,2010.0,807462613.0,9.4,8,50.2
2015,USA,26.5,5.5,2.7,938.0,1377728769.0,44.3,13,63.0
2001,Australia,18.4,11.7,5.0,1962.0,66141905.0,20.2,1,58.4
2011,USA,30.3,12.7,2.6,1116.0,814540393.0,38.7,9,41.2
2001,UK,24.5,4.7,4.2,1130.0,31249071.0,49.5,5,66.7
2007,China,20.8,1.7,3.4,2251.0,1203797363.0,30.4,10,16.8
2016,Australia,21.0,14.9,3.1,1136.0,380662109.0,24.5,3,44.5
2002,Canada,32.0,17.4,3.0,1602.0,1182222401.0,47.0,11,38.8
2017,South Africa,31.9,16.3,2.4,2857.0,1323666625.0,14.0,5,30.7
2003,Mexico,31.4,8.5,2.2,2222.0,562074315.0,5.2,0,18.0
2016,Australia,32.2,15.8,4.3,1657.0,751679888.0,26.5,8,20.8
2004,Indonesia,24.0,9.6,2.9,2010.0,841932971.0,18.9,11,51.6
2004,France,31.4,15.6,1.2,2321.0,663371850.0,10.7,11,34.1
2005,Canada,9.5,6.3,2.3,2560.0,904452825.0,8.2,1,69.5
2001,South Africa,24.2,2.4,1.3,1277.0,614224337.0,12.1,10,27.5
2000,Canada,22.8,9.6,2.5,720.0,248996061.0,14.4,12,30.5
2008,India,16.3,18.7,4.8,2141.0,281361562.0,47.8,2,30.2
2013,China,14.4,1.5,4.2,1359.0,709386257.0,18.6,13,12.9
2002,Canada,19.9,10.8,2.0,1969.0,449460600.0,20.2,13,27.5
2022,UK,27.8,16.6,1.5,1966.0,980305187.0,8.2,4,43.4
2006,Japan,27.6,,,,,26.2,9,12.9
2016,India,16.4,6.7,2.2,2436.0,1018037875.0,44.4,13,21.1
2004,Brazil,16.4,10.1,3.8,1641.0,681529141.0,6.6,7,27.7
2023,UK,27.1,19.5,1.3,2472.0,1018161882.0,35.1,2,52.9
2019,UK,31.2,16.3,2.7,1537.0,1313095544.0,7.5,9,65.8
2020,South Africa,10.0,2.7,2.6,642.0,121780956.0,17.6,5,59.8
2011,Australia,27.2,8.7,4.6,2496.0,1028924329.0,49.8,1,23.5
2000,China,26.7,15.4,2.7,2066.0,784881916.0,43.0,1,52.4
2000,UK,30.9,11.1,4.5,2559.0,1270851030.0,31.7,11,23.4
2021,France,5.5,7.7,4.8,2423.0,940617342.0,25.5,10,16.3
2011,UK,13.8,5.4,2.3,2663.0,158680885.0,40.8,11,51.6
2012,Canada,14.0,1.4,2.8,1229.0,1225949571.0,31.4,14,54.1
2008,France,7.9,,,,,39.5,12,68.9
2021,Indonesia,21.3,,,,,39.2,13,15.5
2005,UK,16.8,13.7,4.2,2579.0,339256508.0,44.1,11,16.9
2022,China,22.8,17.2,1.8,1890.0,97623054.0,25.3,2,61.3
2008,Germany,28.1,3.7,1.4,2223.0,333786819.0,10.7,9,66.0
2015,Argentina,20.7,12.8,4.3,2761.0,455823356.0,50.0,3,19.4
2010,Brazil,34.4,3.2,3.2,773.0,1263782460.0,40.9,0,50.2
2017,UK,6.3,11.0,4.8,886.0,1193832295.0,23.8,13,35.0
2002,Germany,23.5,18.0,1.8,1413.0,512192626.0,17.1,0,64.8
2021,Canada,13.3,10.3,1.8,1045.0,347844379.0,13.6,9,11.7
2019,USA,31.0,4.8,4.2,2407.0,107364344.0,49.2,8,31.0
2017,China,29.8,11.4,4.2,2868.0,600974146.0,46.7,6,59.2
2002,UK,15.6,17.2,1.6,2224.0,1274221100.0,17.5,11,53.7
2021,Germany,16.2,10.4,3.0,1731.0,652730854.0,37.1,5,47.3
2004,Canada,34.2,0.8,3.6,2744.0,94344322.0,48.3,6,35.7
2011,India,10.3,4.5,4.8,1530.0,575572757.0,28.6,0,62.0
2011,Japan,8.8,5.3,3.3,1880.0,552503699.0,22.3,6,14.7
2022,Japan,8.7,3.9,2.3,2766.0,734430197.0,16.3,4,17.8
2008,France,6.5,11.0,1.4,526.0,76154255.0,44.7,10,47.6
2012,Russia,17.4,8.1,4.3,2806.0,1085609772.0,41.5,2,22.8
2020,Australia,28.5,0.8,4.0,628.0,1103288537.0,13.3,7,54.9
2006,Canada,12.0,9.4,1.2,2249.0,1330161573.0,30.6,7,67.2
2018,Russia,24.4,,,,,44.4,7,26.0
2013,Argentina,25.4,9.2,3.7,2881.0,1075399963.0,43.9,14,30.9
2017,France,28.0,7.4,2.8,2684.0,1280061358.0,20.0,3,32.5
2002,Japan,27.4,6.6,2.4,2623.0,324417204.0,13.9,11,60.3
2015,South Africa,31.1,13.8,4.5,2531.0,358440341.0,20.0,13,28.8
2012,UK,9.2,12.8,1.5,2543.0,910306304.0,39.0,0,68.9
2005,Australia,34.4,4.0,4.8,2014.0,748486965.0,15.6,9,67.1
2015,Japan,12.3,5.1,4.3,2235.0,421082224.0,10.7,12,27.9
2006,Russia,24.8,4.0,3.3,2222.0,1307076526.0,15.8,14,33.9
2009,Argentina,34.6,7.0,2.8,2634.0,1283287571.0,15.1,0,46.3
2023,UK,33.5,9.1,4.2,534.0,828538833.0,14.3,10,53.8
2006,Argentina,30.7,11.6,3.9,1755.0,586706107.0,41.9,10,50.5
2001,Mexico,7.9,8.0,4.0,2925.0,1326300382.0,8.9,3,26.6
2012,Brazil,26.8,6.9,3.1,2067.0,615628540.0,45.8,13,18.2
2000,India,32.3,6.5,1.2,1066.0,211473371.0,36.8,8,17.5
2011,Japan,25.0,17.6,2.7,1093.0,1378540228.0,30.3,14,47.5
2010,Australia,16.9,1.0,3.5,1973.0,373401883.0,47.9,7,23.5
2012,Mexico,26.8,,,,,42.1,7,33.4
2019,Australia,14.9,13.1,3.1,2286.0,519602850.0,34.0,8,30.3
2019,Germany,8.3,4.5,4.3,2101.0,567106041.0,41.3,8,29.2
2019,Brazil,21.0,,,,,34.7,5,63.4
2014,Indonesia,15.9,9.0,2.6,2849.0,617022634.0,30.3,8,10.3
2021,India,14.0,13.7,2.1,2540.0,140110299.0,11.8,3,43.9
2011,Mexico,29.1,0.8,4.5,2818.0,955410877.0,33.3,8,36.2
2014,France,34.7,8.2,4.2,1884.0,81521377.0,23.6,14,16.3
2005,Indonesia,29.8,6.3,4.3,518.0,431162461.0,19.1,3,17.6
2016,Canada,27.3,11.1,3.1,2405.0,574525178.0,41.5,1,54.1
2009,USA,5.5,6.4,4.3,2026.0,474288233.0,13.9,2,44.9
2007,Germany,9.8,9.8,3.8,1592.0,637933053.0,34.0,13,61.5
2020,South Africa,26.7,13.7,1.9,772.0,491644777.0,11.5,7,21.0
2016,Germany,29.9,6.9,4.0,2157.0,597867288.0,21.4,9,38.9
2008,Argentina,10.4,2.9,2.8,958.0,1339539083.0,40.2,9,26.3
2009,Germany,6.3,0.5,1.1,1801.0,64317241.0,49.3,3,37.5
2017,Mexico,25.6,3.3,2.1,2831.0,1357107613.0,32.7,10,64.8
2007,Russia,25.4,10.8,4.4,1582.0,1038917176.0,12.6,11,54.9
2011,Brazil,26.7,5.6,4.0,1121.0,267058271.0,28.3,2,17.7
2003,China,33.7,18.6,1.2,2007.0,757020571.0,35.3,5,39.0
2000,Russia,6.9,4.0,4.8,560.0,1051785465.0,32.3,5,26.9
2020,Mexico,20.2,15.4,2.2,1478.0,30190953.0,14.3,12,47.9
2021,France,17.9,,,,,43.4,8,11.9
2012,Australia,18.0,7.6,4.3,670.0,1014270408.0,42.1,2,59.3
2006,Australia,20.4,1.8,3.6,773.0,174232548.0,39.6,0,26.3
2002,Argentina,14.3,16.6,2.6,1325.0,845772793.0,26.7,7,58.2
2001,Argentina,24.8,14.3,2.8,2813.0,332640493.0,33.8,12,15.6
2005,Russia,8.8,2.1,3.6,555.0,1344684674.0,47.1,14,43.1
2001,Germany,23.6,3.7,4.0,2144.0,293218023.0,25.7,0,46.7
2002,Japan,27.1,13.1,2.5,2235.0,690744654.0,22.5,10,27.5
2009,South Africa,33.1,11.7,2.2,643.0,329758237.0,11.4,7,65.8
2017,Germany,29.7,19.4,3.7,2479.0,770503180.0,37.5,13,16.3
2022,South Africa,15.8,16.2,3.0,2640.0,655042381.0,44.7,11,17.5
2007,Indonesia,33.5,17.0,2.8,1429.0,278626073.0,26.9,12,36.6
2012,Indonesia,19.6,15.2,2.7,1817.0,1319258942.0,14.5,9,21.0
2013,India,28.8,10.8,1.5,1404.0,867702697.0,48.5,0,15.7
2005,Argentina,24.3,14.8,2.3,1035.0,417690049.0,26.4,12,58.7
2003,India,6.4,9.4,3.8,1573.0,9918562.0,28.9,7,36.8
2022,Germany,12.4,19.1,2.8,1961.0,272039781.0,9.2,1,25.1
2015,Russia,19.9,8.0,4.7,2140.0,1139652750.0,30.3,1,15.1
2023,South Africa,24.6,15.3,3.9,1646.0,583534992.0,46.4,4,44.3
2006,Canada,12.0,9.4,1.2,2249.0,1330161573.0,30.6,7,67.2
2012,France,5.9,4.6,2.6,979.0,699195057.0,5.1,10,36.8
2014,Brazil,6.4,0.9,3.3,725.0,558731629.0,46.4,7,57.4
2021,South Africa,21.7,,,,,38.5,5,16.7
2000,Indonesia,31.1,,,,,12.0,2,37.7
2015,Russia,24.4,17.7,4.0,2891.0,829537443.0,40.5,2,20.6
2000,France,12.6,19.9,1.3,1056.0,400673293.0,29.6,14,41.8
2022,South Africa,32.8,9.4,2.8,2779.0,934565900.0,27.1,14,23.9
2008,Russia,15.0,17.5,3.6,2769.0,1046546091.0,9.9,8,27.4
2022,USA,13.4,7.7,3.7,566.0,1049605777.0,12.5,8,27.3
2014,India,21.9,,,,,29.0,10,28.6
2007,Indonesia,5.8,17.7,2.1,1365.0,266267433.0,22.9,12,43.5
2016,South Africa,9.7,3.7,1.7,1703.0,542638938.0,10.3,0,43.7
2001,India,20.8,1.0,3.8,2112.0,42474142.0,23.5,1,29.3
2002,USA,17.0,0.5,3.5,1184.0,84528761.0,7.3,14,21.4
2001,Indonesia,9.6,8.9,4.5,2412.0,300442653.0,29.1,8,53.9
2014,France,15.8,,,,,35.6,3,53.0
2020,USA,13.3,1.4,1.4,1418.0,1199856255.0,10.3,5,33.9
2011,Brazil,34.2,18.7,3.2,2579.0,803907356.0,18.6,7,25.7
2023,Brazil,24.4,14.0,4.3,2042.0,55101132.0,49.1,14,40.8
2013,Russia,16.2,12.7,1.8,1228.0,197145427.0,10.9,14,58.6
2022,Argentina,27.7,0.7,1.9,1954.0,1096617947.0,21.7,13,32.7
2019,Indonesia,14.5,18.1,3.0,2357.0,947298966.0,28.8,7,64.9
2007,France,21.3,5.5,2.4,2327.0,141991057.0,48.5,1,69.0
2014,China,7.6,10.2,3.2,577.0,316387268.0,10.1,1,12.0
2013,South Africa,20.7,11.2,1.4,969.0,1383289354.0,24.1,4,37.3
2005,Canada,20.6,3.5,4.1,2838.0,1138205296.0,25.9,8,62.8
2018,Canada,29.8,14.5,1.9,1531.0,298239516.0,32.3,10,47.9
2023,Argentina,30.2,18.1,4.4,2930.0,542661199.0,32.7,12,64.1
2002,Russia,23.1,5.7,4.7,1484.0,246218329.0,13.4,2,29.7
2005,Canada,8.4,11.9,4.7,2189.0,864707568.0,24.2,2,39.3
2010,Mexico,33.8,,,,,43.5,9,57.4
2004,Indonesia,12.0,15.0,3.7,921.0,342865321.0,24.3,14,47.0
2018,Australia,5.4,9.1,2.0,674.0,1338375247.0,25.1,3,48.3
2022,UK,22.9,13.6,1.1,1652.0,194197411.0,41.4,11,16.7
2016,UK,11.3,10.5,1.2,1055.0,824678707.0,24.2,2,29.7
2020,South Africa,13.0,10.2,2.9,2548.0,805165392.0,36.9,6,39.6
2006,Mexico,6.6,3.1,1.1,1862.0,1308776395.0,32.6,4,59.8
2009,Germany,10.7,18.2,2.4,1850.0,1303590308.0,13.5,0,29.7
2000,South Africa,14.9,19.0,1.3,2499.0,131635220.0,18.7,14,56.3
2011,Russia,11.9,10.9,2.6,1910.0,874974281.0,44.3,11,59.6
2022,Germany,21.5,6.4,1.3,1349.0,248771060.0,19.5,3,63.3
2011,China,28.4,13.0,1.9,1907.0,276902589.0,5.4,0,42.0
2021,UK,12.3,12.9,1.1,1706.0,337303115.0,47.2,11,49.0
2018,Germany,27.0,,,,,10.8,8,34.2
2008,South Africa,8.2,0.8,4.2,1061.0,748997300.0,30.1,6,68.3
2004,Indonesia,16.3,12.5,1.4,2758.0,802398351.0,36.4,12,55.8
2006,USA,23.9,19.0,1.4,1835.0,1146873886.0,34.0,9,36.1
2012,Argentina,21.3,1.0,3.8,656.0,449021301.0,37.5,12,11.1
2021,Mexico,34.3,2.3,3.4,651.0,1001208309.0,43.9,7,22.3
2021,Argentina,12.9,3.6,4.7,2407.0,809907325.0,41.1,4,34.4
2017,Germany,9.0,17.0,2.8,1326.0,934953242.0,29.2,10,69.1
2019,India,23.6,8.0,1.2,1365.0,1358019778.0,10.0,8,20.2
2014,UK,5.0,,,,,21.8,13,41.2
2004,South Africa,30.9,8.6,4.8,1466.0,999167792.0,6.7,7,66.7
2006,UK,13.1,11.5,2.8,2206.0,1041665235.0,24.4,1,27.9
2009,UK,11.8,11.3,2.7,928.0,716127278.0,11.2,6,58.3
2002,Germany,23.5,18.0,1.8,1413.0,512192626.0,17.1,0,64.8
2019,Argentina,21.5,,,,,19.8,7,68.6
2007,Indonesia,16.6,6.5,3.8,740.0,914386174.0,8.6,9,26.1
2014,Japan,25.1,16.7,4.9,1711.0,1146020851.0,26.6,3,47.0
2005,Russia,22.3,1.1,2.0,2660.0,484197278.0,39.5,12,34.3
2012,South Africa,10.3,1.5,2.7,2655.0,1093034759.0,27.6,5,54.3
2005,Germany,22.6,10.6,4.0,723.0,1345594489.0,5.6,11,53.3
2021,China,29.7,12.6,2.1,890.0,334345649.0,44.0,9,31.3
2011,UK,18.2,8.1,3.5,2369.0,204257967.0,33.0,10,56.5
2014,Argentina,33.4,16.4,3.9,2618.0,796318481.0,13.7,0,63.3
2007,India,34.0,18.1,2.2,1628.0,522918956.0,6.8,14,43.6
2015,Germany,8.7,1.3,2.2,1715.0,907925675.0,39.3,11,49.2
2014,Indonesia,10.6,14.7,3.4,2216.0,809753207.0,34.5,6,16.4
2002,Russia,24.3,7.6,3.0,994.0,12811984.0,16.6,4,67.7
2004,Russia,30.6,2.9,3.1,1250.0,355055964.0,12.0,8,24.9
2016,UK,29.6,11.5,3.9,1748.0,1238813576.0,31.7,4,18.7
2007,USA,27.5,,,,,5.3,14,11.1
2016,India,11.8,2.6,1.3,946.0,472080203.0,14.4,2,58.3
2001,Canada,21.2,14.9,4.0,1048.0,535387911.0,32.9,0,67.3
2021,India,7.7,8.7,3.1,544.0,479208779.0,27.3,8,36.7
2019,India,27.7,5.1,4.5,2273.0,1097734281.0,5.9,13,43.6
2017,Brazil,8.8,10.8,4.8,2052.0,1256199697.0,30.8,0,55.5
2003,India,7.7,19.6,3.0,600.0,142785204.0,36.2,4,53.3
2015,China,20.4,15.4,1.6,1969.0,227429665.0,14.2,0,69.9
2009,Germany,18.1,1.2,3.7,967.0,1267782685.0,30.8,0,54.1
2004,Australia,23.2,12.9,3.2,1361.0,1359133613.0,5.9,4,42.7
2016,Indonesia,13.9,15.5,1.5,1495.0,972853753.0,9.0,1,64.1
2001,Argentina,21.5,1.1,4.7,2005.0,597841637.0,31.6,2,17.7
2019,France,12.7,16.6,4.4,2548.0,358801890.0,15.5,8,54.0
2010,Argentina,5.9,1.8,3.2,1892.0,1069669579.0,23.7,7,17.7
2001,Canada,21.3,12.7,3.3,1944.0,1189649940.0,21.3,3,26.2
2020,Russia,23.5,,,,,25.3,3,43.3
2009,Japan,34.0,10.0,3.3,1598.0,176809981.0,44.9,1,27.9
2009,South Africa,17.7,,,,,11.9,10,58.9
2016,Brazil,18.5,13.4,1.4,615.0,297280556.0,46.0,6,15.3
2018,Japan,20.7,11.1,3.6,1659.0,465764328.0,9.0,13,25.3
2003,Australia,24.1,16.9,3.6,1945.0,366223269.0,6.5,4,26.2
2008,Australia,18.1,,,,,49.7,1,58.6
2013,Russia,28.2,,,,,41.3,6,34.2
2005,UK,30.7,2.4,2.1,1380.0,38697835.0,14.0,0,25.2
2004,China,21.3,,,,,14.5,5,11.2
2003,USA,9.5,,,,,5.3,0,53.9
2012,France,27.7,17.8,1.9,2122.0,1117897844.0,17.1,3,52.3
2022,Japan,10.4,4.8,1.1,2127.0,1360173043.0,21.8,6,25.9
2012,Mexico,8.2,16.9,3.2,2708.0,324319642.0,13.6,2,51.2
2017,Japan,29.8,1.9,1.6,1073.0,1385374585.0,39.4,8,28.3
2008,Argentina,21.7,2.6,2.2,1853.0,1025547493.0,39.4,2,18.9
2000,Australia,16.1,17.1,3.9,2834.0,753610692.0,22.3,12,60.3
2014,South Africa,5.0,1.1,3.8,2554.0,227838160.0,33.4,13,25.8
2003,China,7.5,9.7,1.1,1964.0,502277267.0,16.6,1,36.0
2017,Mexico,31.9,14.8,2.2,1812.0,1095137353.0,45.8,0,43.4
2006,Canada,31.3,11.2,3.6,1772.0,847822613.0,40.7,7,20.6
2013,Russia,5.3,11.3,4.2,2490.0,892723644.0,28.0,10,18.7
2018,UK,22.4,12.0,4.1,1709.0,1156608764.0,45.4,12,40.4
2007,Indonesia,26.6,10.9,1.6,2032.0,1126838160.0,30.7,2,18.5
2008,Canada,10.9,10.8,2.9,2957.0,416299975.0,13.8,14,22.8
2022,France,20.2,17.4,3.1,2412.0,797324959.0,42.9,1,38.2
2015,USA,18.7,2.1,4.8,1222.0,977078792.0,23.1,2,41.0
2016,Brazil,17.0,4.9,4.5,1347.0,1221021496.0,47.4,8,28.8
2023,China,22.5,6.6,3.8,1088.0,554504868.0,16.4,13,67.7
2017,Brazil,7.7,18.2,1.2,1579.0,9355425.0,27.1,8,61.0
